numberOfThreads;serialExecutionTime;parallelExecutionTime;accelerationCoefficient;efficiencyCoefficient
1;76867829;35395877;2.17166053;2.17166053
2;60614411;61951231;0.9784214135;0.4892107067
4;85688693;93450595;0.9169411174;0.2292352793
8;171685239;130514364;1.315450911;0.1644313639
16;319635077;246001529;1.299321505;0.08120759409
32;628619495;487537855;1.289375765;0.04029299267
64;1597055672;1074198679;1.486741422;0.02323033473
128;3140347240;2066281329;1.519806232;0.01187348618
