numberOfThreads;serialExecutionTime;parallelExecutionTime;accelerationCoefficient;efficiencyCoefficient
1;273434489;241920769;1.1302646322193197;1.1302646322193197
2;459894850;299200679;1.537078229692119;0.7685391148460595
4;1172765298;427368257;2.7441563073319224;0.6860390768329806
8;2282324866;690353501;3.3060234542071223;0.4132529317758903
16;4386098516;1205696579;3.6378128563969327;0.2273633035248083
32;8757169819;2420686044;3.617639652488532;0.11305123914026663
64;18342625519;4776839357;3.839908388822128;0.05999856857534575
128;36702959468;9632024779;3.8105133977666648;0.02976963592005207
