numberOfThreads;serialExecutionTime;parallelExecutionTime;accelerationCoefficient;efficiencyCoefficient
1;73836696;54741797;1.348817541;1.348817541
2;104923688;54139244;1.93803386;0.9690169298
4;208360282;65962089;3.158788406;0.7896971016
8;415474386;92813951;4.476421718;0.5595527148
16;829011850;196441276;4.220151013;0.2637594383
32;1659078038;390972170;4.243468373;0.1326083866
64;3345193375;1135259744;2.946632603;0.04604113443
128;6789882610;2271873787;2.988670695;0.0233489898